1,-1.8305,0.99436,8.6881
2,-1.807,0.53635,10.869
3,-2.0552,0.082165,9.9706
4,-0.94514,-0.72511,11.241
5,-1.4309,-0.23643,8.6603
6,-1.7515,2.0407,9.1509
7,-2.8007,0.38975,11.14
8,-0.49622,0.28195,11.291
9,0.40256,0.88273,9.366
10,0.38148,1.0849,10.482
11,1.0905,2.0196,9.4134
12,0.79877,2.355,9.2218
13,0.84141,2.4542,8.7623
14,1.3952,2.1571,8.7767
15,1.8796,0.77638,8.5276
16,2.2389,-1.4725,4.0303
17,5.4278,-0.99292,0.93631
18,14.424,-2.4705,8.5899
19,8.3982,-2.7483,8.7077
20,6.7908,-2.8226,7.8022
21,4.8673,-3.3328,8.219
22,5.1523,-4.806,8.5329
23,5.09,-6.3847,8.0705
24,4.6061,-6.9835,6.7291
25,4.8433,-6.8446,4.1563
26,5.1859,-5.3881,3.3898
27,5.9859,-4.3485,5.5433
28,7.8041,-5.8505,5.1097
29,9.2079,-6.4781,4.1108
30,8.9491,-5.6301,5.0091
31,8.5132,-5.4744,6.6093
32,8.264,-5.8529,9.0311
33,8.5778,-6.823,10.121
34,7.452,-7.8771,10.26
35,5.7153,-6.8182,8.8035
36,4.7187,-5.6277,7.7256
37,3.4922,-5.4456,7.1818
38,2.4861,-5.4385,7.1746
39,2.3496,-5.2516,7.7112
40,2.4598,-5.2372,7.3327
41,2.4143,-5.0432,7.5627
42,2.8598,-4.9737,7.9172
43,1.9544,-4.9162,7.5962
44,0.94106,-5.1151,7.5699
45,1.4681,-5.1007,7.8909
46,2.249,-5.1773,8.7844
47,2.4095,-5.3139,9.0766
48,2.1244,-5.0049,7.6753
49,1.7364,-5.175,6.9279
50,2.2562,-5.2804,8.6838
51,3.1353,-4.8228,10.265
52,2.9628,-4.6791,10.028
53,2.2514,-4.5425,8.9904
54,1.904,-4.1473,8.7005
55,2.2418,-4.0347,8.7245
56,2.3352,-4.212,8.9425
57,1.9711,-4.0946,9.3593
58,1.8873,-4.073,9.6755
59,1.904,-4.0371,9.5437
60,1.7364,-3.6634,9.2922
61,1.595,-3.6035,8.6167
62,1.7483,-3.7568,8.5329
63,1.8633,-3.8287,9.2132
64,1.9328,-3.6993,9.5605
65,1.6453,-3.0957,9.3689
66,1.4848,-2.9352,9.2946
67,1.4944,-3.2682,9.642
68,1.4753,-3.2634,9.3737
69,1.5519,-2.8585,8.588
70,1.9328,-2.5256,8.6311
71,2.0047,-2.7771,8.9592
72,1.8561,-3.0166,9.6491
73,2.0094,-2.9567,10.076
74,2.0406,-3.11,9.6683
75,1.6789,-2.9064,9.3928
76,0.8692,-2.1447,7.9436
77,1.1159,-1.7207,6.5901
78,2.455,-2.2357,8.6454
79,2.6778,-2.5471,10.512
80,2.2442,-3.5029,10.694
81,2.3568,-3.7664,12.299
82,2.1795,-3.4215,12.794
83,2.1771,-2.5663,11.939
84,1.5256,-0.35764,10.351
85,3.4994,-2.7507,3.3203
86,3.9402,-4.6384,2.8628
87,2.2011,-2.056,9.1269
88,2.6371,-2.7747,12.131
89,2.5987,-4.1928,13.92
90,2.0478,-3.6299,10.504
91,2.4382,-3.8455,8.7077
92,2.4287,-4.4491,5.9386
93,3.3389,-5.1031,4.1515
94,3.739,-5.0312,2.9538
95,0.61528,-3.3879,3.1957
96,-1.4856,-3.237,3.5934
97,0.6033,-4.9162,3.3059
98,4.2588,-6.5188,4.1827
99,7.9359,-8.6915,6.9447
100,10.451,-9.7359,6.3003
101,11.486,-9.1946,3.2748
102,13.589,-8.7873,1.4446
103,17.772,-8.67,1.4806
104,22.237,-8.5861,3.373
105,22.773,-5.702,3.706
106,13.63,3.9901,-1.8803
107,10.552,8.1152,-14.399
108,13.505,4.304,-13.242
109,15.012,-0.003114,2.331
110,11.062,-0.42232,6.6117
111,5.7871,1.8797,4.4342
112,4.8026,2.9601,5.7397
113,6.8339,1.0365,6.7386
114,7.6771,0.52389,4.9995
115,6.8507,1.4246,3.143
116,6.1393,1.8965,1.7968
117,8.2736,1.3503,1.562
118,10.118,-1.3063,-0.75921
119,9.4306,-1.7183,0.23731
120,8.6737,-0.62115,2.9179
121,6.4914,1.863,-0.32083
122,8.815,7.3486,-4.5009
123,9.8786,7.866,-1.4755
124,13.467,1.7456,6.6883
125,15.63,-9.1419,17.001
126,3.6527,-4.4587,6.4751
127,3.9881,-4.0467,-2.2995
128,9.687,-5.4409,-6.5658
129,10.648,-1.9458,-2.6876
130,8.8461,0.73709,1.0997
131,7.5646,-0.14924,4.5683
132,9.5983,-0.95172,3.9599
133,8.6282,-1.1242,2.1609
134,9.9073,-3.0933,2.6951
135,10.468,-2.8633,4.1156
136,7.3969,-1.6943,4.8055
137,4.6708,-2.5399,3.3371
138,5.641,-5.1941,4.5612
139,6.9944,-6.3415,5.6176
140,10.894,-7.8459,5.6703
141,13.041,-7.6686,5.1121
142,11.874,-4.727,9.4096
143,7.1669,-1.2536,0.11275
144,8.7072,-1.6704,-3.5212
145,14.15,-5.7235,9.3449
146,15.774,-5.5606,10.9
147,8.6497,1.4126,-7.0952
148,8.7791,3.5326,-7.7516
149,12.868,-0.63073,4.6378
150,12.303,-2.1543,2.6855
151,6.7884,0.24362,-1.7533
152,6.7214,4.4141,-4.0626
153,17.238,1.8797,3.8593
154,11.038,-3.2801,4.7696
155,-0.8795,-3.4334,4.7576
156,1.0201,-7.4315,4.9756
157,7.1597,-8.8209,0.31397
158,7.3011,-7.5129,-4.5417
159,4.6277,-4.7965,-2.0911
160,3.8635,-4.43,0.26606
161,4.9894,-7.0746,0.88409
162,11.908,-10.067,6.6093
163,11.028,-8.8712,4.1108
164,7.6053,-6.2577,0.86493
165,12.274,-4.6935,-2.6037
166,12.945,-3.3065,-4.992
167,14.753,-3.3592,-1.4611
168,16.078,-5.3762,1.5021
169,11.187,-4.4515,1.7465
170,9.9529,-4.2934,-2.1246
171,10.889,-5.3929,-2.1749
172,11.766,-6.5787,-1.6407
173,10.137,-5.4385,-3.1858
174,9.4618,-5.2756,-2.1534
175,10.307,-5.2061,-1.6958
176,2.673,-0.67145,-2.1198
177,-2.3383,-2.4273,3.2125
178,-0.76931,-8.7873,6.226
179,0.13139,-10.275,4.5947
180,-0.99448,-7.2973,-0.64901
181,3.2982,-7.4842,-6.8653
182,4.2756,-3.867,-6.9132
183,14.808,-10.45,-4.0554
184,13.117,-8.8927,0.86972
185,9.754,-1.2631,-5.6987
186,13.92,3.317,-8.2091
187,18.215,1.2689,-14.025
188,14.49,-2.5351,-4.8052
189,12.95,-2.5663,-1.2287
190,16.006,-2.3866,-6.4676
191,12.344,-3.6418,-4.3213
192,7.5238,-5.4361,-0.67297
193,-4.4559,-6.7512,3.1095
194,-7.1173,-5.5319,8.4682
195,1.5519,-8.8065,4.5085
196,2.879,-8.2603,-6.1083
197,9.2103,-13.902,-2.9678
198,11.266,-14.762,1.5908
199,14.344,-16.635,5.4954
200,10.798,-15.813,4.53
201,-2.2569,-4.6527,1.9429
202,13.604,-8.095,-0.069308
203,12.051,-7.4722,0.9847
204,2.455,-0.42951,2.1082
205,-1.6029,6.8575,-3.9955
206,-3.0738,8.0217,-0.45498
207,3.1617,-1.6201,1.5285
208,-1.7634,0.037609,-1.1233
209,2.4885,0.17894,-4.2303
210,2.0262,-2.1423,-4.2997
211,-1.7371,-4.8659,-0.05254
212,-0.81961,-8.8568,1.4207
213,22.778,-21.756,5.9074
214,27.088,-28.588,0.58945
215,8.5371,-15.049,-5.21
216,1.9256,-6.756,2.204
217,0.34219,-7.1105,-4.156
218,6.3788,-9.1778,-3.0684
219,10.465,-10.682,3.3826
220,7.8329,-7.4267,1.3105
221,3.7007,-5.9894,-0.11961
222,1.3339,-7.5201,1.9165
223,3.8348,-7.6998,3.6341
224,6.8076,-8.4951,1.5333
225,7.0855,-10.258,-4.2207
226,6.2734,-10.268,-4.3189
227,5.9668,-10.637,-1.4491
228,4.7738,-8.8113,0.028906
229,4.4337,-8.246,-0.25376
230,4.8193,-10.299,-1.909
231,3.739,-11.322,-2.0216
232,3.8707,-11.317,0.76911
233,1.4705,-8.5861,-0.99636
234,1.9544,-6.9404,-2.1941
235,5.8949,-8.3969,0.9871
236,7.1046,-9.0101,1.5117
237,4.7619,-7.9753,-2.2348
238,3.2958,-7.6064,-2.266
239,4.8457,-5.9631,0.2421
240,6.925,-3.8287,-0.054936
241,6.3213,-0.30494,-3.3511
242,4.4217,0.55982,0.072025
243,3.3509,-5.3354,6.2524
244,4.0169,-9.5419,2.7669
245,4.5391,-9.7527,1.883
246,3.0635,-10.177,2.925
247,0.035573,-14.053,-0.44779
248,-1.155,-13.88,-0.59152
249,-1.2077,-10.622,-0.15315
250,-2.3671,-9.8773,-3.3415
251,-2.1395,-13.054,-1.1976
252,0.32064,-12.891,0.81702
253,1.7316,-11.585,3.1861
254,0.16253,-13.66,0.8242
255,0.78057,-16.271,3.8784
256,-0.67109,-15.67,3.1766
257,-0.75494,-13.391,-0.79753
258,0.45239,-10.711,-0.77597
259,1.104,-7.465,1.8207
260,2.158,-6.4685,1.895
261,1.0848,-6.4997,0.9344
262,-1.6676,-9.0341,-0.31604
263,-2.3863,-23.129,1.7656
264,-0.73338,-21.814,1.5836
265,-0.25428,-2.7244,-5.507
266,1.0129,-12.263,-0.40468
267,-4.535,-13.643,3.8808
268,-3.9984,-10.167,5.5768
269,-4.7793,-8.4328,1.5596
270,-4.5494,-10.416,1.2698
271,-0.81003,-10.577,-0.30646
272,0.33022,-10.285,-0.18908
273,0.49311,-11.722,2.4196
274,1.9184,-11.439,2.7358
275,3.0874,-10.158,-2.3714
276,3.3653,-13.768,-3.8039
277,4.7738,-15.04,-2.5271
278,0.41166,-12.524,1.4039
279,-4.238,-9.0269,4.9253
280,-4.6691,-6.3392,4.6618
281,-3.9721,-7.2351,4.3168
282,-2.9252,-10.421,1.6578
283,-0.68547,-10.814,-0.6562
284,0.22242,-10.04,-1.4299
285,0.20805,-9.4485,-1.1784
286,0.004432,-8.9574,0.31636
287,-0.65912,-7.7142,0.75234
288,-2.6545,-6.2912,1.2817
289,-4.4871,-6.1307,3.3802
290,0.84764,-13.65,2.6232
291,7.7394,-18.535,1.1835
292,5.6769,-14.527,2.7861
293,0.13618,-11.075,2.4986
294,-2.2138,-10.584,0.85774
295,-4.6236,-9.918,0.11275
296,-5.1387,-9.7168,-0.89814
297,-2.8246,-10.148,-2.1797
298,-2.082,-10.78,-2.4816
299,-3.0067,-11.226,-1.8515
300,-3.7181,-10.471,-1.1784
301,-3.366,-9.1538,-0.21543
302,-1.1478,-8.9406,2.0579
303,0.68954,-10.634,1.9022
304,0.25835,-11.08,2.2399
305,-0.3477,-10.953,2.3429
306,0.16972,-11.432,2.1489
307,1.1016,-11.995,1.9141
308,1.1734,-12.268,1.4135
309,0.95304,-13.116,0.92721
310,0.9746,-13.394,0.40739
311,0.5506,-12.843,-0.002235
312,-0.81243,-11.542,-0.62745
313,-1.5383,-10.586,-1.1305
314,-1.8832,-10.378,-1.0131
315,-2.1204,-10.694,-0.86221
316,-1.9263,-10.986,-1.4275
317,-1.3227,-10.838,-2.3929
318,-0.35968,-10.697,-2.8289
319,1.1064,-10.962,-4.3381
320,2.031,-11.111,-5.8496
321,0.32064,-11.135,-1.4491
322,-2.6042,-11.35,2.2615
323,-5.5267,-11.925,1.7249
324,-5.831,-11.604,0.22294
325,-3.457,-10.579,1.0398
326,-1.5143,-10.395,3.1957
327,-0.062642,-10.783,4.3048
328,1.1207,-10.447,0.31397
329,1.3699,-9.9132,-2.5534
330,0.80931,-9.5946,-0.33521
331,-0.17044,-9.2473,0.057652
332,-1.0927,-8.9239,-1.1209
333,-2.0605,-8.2699,-0.69453
334,-2.6881,-7.6399,0.1894
335,-2.4797,-7.4219,-0.033376
336,-1.6197,-7.8866,-0.62506
337,-0.77889,-8.5047,-0.93887
338,-0.17044,-8.9646,-1.1449
339,0.2847,-9.2616,-1.6599
340,0.47395,-9.8366,-1.8779
341,1.5567,-10.785,-2.7858
342,2.5197,-11.624,-4.065
343,3.5066,-12.754,-4.5321
344,3.8995,-13.844,-3.5715
345,0.67756,-11.849,-2.4169
346,-1.4927,-8.5214,-1.4132
347,-2.9181,-6.6386,-0.91252
348,-5.486,-8.2148,-0.42144
349,-7.2658,-12.915,0.20378
350,-6.3053,-17.301,-0.30886
351,-2.9181,-20.154,-3.3511
352,6.168,-16.676,-3.8614
353,5.3751,-8.4424,-3.9524
354,-0.14888,-4.1329,-1.6192
355,-2.4988,-3.8479,-0.36156
356,-3.7661,-5.2468,1.8758
357,-4.5206,-8.3106,2.9945
358,-3.6199,-12.198,1.4398
359,-3.1648,-15.416,1.4901
360,-2.8198,-13.032,1.5309
361,-1.8473,-8.9886,1.0781
362,-1.1813,-7.0626,1.023
363,-0.36687,-7.7094,1.2362
364,-0.041082,-10.414,1.7513
365,-0.20637,-11.894,2.0531
366,0.028387,-11.93,1.138
367,-0.6136,-10.689,-0.35916
368,-1.3203,-10.117,-0.97959
369,-1.2197,-10.225,0.25887
370,-1.1885,-9.9252,1.8902
371,-1.4113,-9.894,2.4603
372,-1.476,-10.603,1.9477
373,-1.7562,-10.857,1.0542
374,-1.9239,-10.831,0.63496
375,-2.1132,-10.843,0.67329
376,-1.7994,-11.334,-0.002235
377,-0.94178,-11.144,-0.7089
378,0.42843,-10.61,0.83618
379,1.5304,-12.028,1.8183
380,1.9759,-12.9,0.79546
381,2.9533,-12.761,-0.53643
382,3.8037,-14.879,-1.6336
383,4.8026,-16.209,-5.4975
384,3.6216,-15.871,-9.0787
385,1.3531,-12.615,-6.4245
386,-0.012337,-10.613,0.15587
387,-1.3873,-10.922,5.16
388,-2.7743,-11.937,3.8473
389,-3.7684,-12.349,2.9706
390,-2.1731,-13.971,4.8318
391,-2.2928,-13.47,3.1047
392,0.72068,-12.848,-4.6063
393,0.4428,-11.722,-2.0384
394,-3.6535,-10.546,3.7826
395,-7.0526,-9.4173,3.4616
396,-6.6933,-7.9872,0.70683
397,-4.1996,-6.502,0.32116
398,-2.1515,-6.1547,0.47207
399,-2.015,-6.6362,-0.52445
400,-3.4307,-6.5763,-0.88856
401,-4.983,-5.975,0.16545
402,-4.8943,-5.9104,1.3991
403,-3.1193,-6.4949,1.1572
404,-1.1214,-7.901,-0.85263
405,-0.012337,-10.584,-3.2242
406,2.6155,-13.957,-5.8903
407,9.5576,-17.72,-10.058
408,15.297,-19.912,-3.0732
409,5.1978,-13.159,-1.5497
410,-0.37166,-9.2449,-3.3942
411,-3.9122,-5.3953,-1.2239
412,-9.0601,-6.4446,1.5476
413,-12.423,-12.148,2.0339
414,-14.275,-22.535,0.40739
415,-3.2223,-22.063,-10.058
416,1.7986,-9.2113,-4.1632
417,1.2357,-5.1007,2.6208
418,-0.10816,-3.7449,2.1226
419,-1.3203,-3.6418,1.8447
420,-2.0245,-6.5044,3.4065
421,-1.6796,-12.079,5.3636
422,-1.3083,-17.418,5.275
423,-0.44352,-14.733,3.785
424,0.66319,-9.3455,1.907
425,0.71349,-7.719,0.66371
426,0.61528,-8.0998,0.10077
427,1.0057,-10.589,0.1367
428,1.1399,-12.311,0.14868
429,0.61767,-11.31,-0.85263
430,-0.65912,-10.158,-1.4922
431,-1.8473,-9.5467,-0.72806
432,-2.2162,-10.222,0.65173
433,-2.942,-10.579,1.4446
434,-3.4618,-10.229,1.6291
435,-3.9074,-9.712,1.8614
436,-3.675,-10.011,1.677
437,-2.633,-10.689,0.34511
438,-1.373,-11.358,-1.8755
439,0.097855,-11.188,-1.8875
440,1.7196,-11.14,0.57987
441,1.9999,-12.201,2.2112
442,1.7124,-12.812,1.4566
443,2.3209,-14.426,0.33074
444,3.4132,-16.798,-2.6971
445,4.4912,-17.143,-9.1817
446,2.4502,-14.649,-6.1442
447,1.0105,-12.196,-6.6832
448,-0.98969,-10.984,0.57508
449,-0.77889,-12.016,9.2731
450,-0.39082,-12.486,8.1951
451,-1.2748,-13.389,4.6354
452,-1.5718,-14.431,1.7153
453,-1.246,-13.562,1.7776
454,-0.79326,-12.254,2.1705
455,-1.0783,-11.937,4.2953
456,-2.9252,-10.481,2.5513
457,-5.2225,-8.8424,0.37146
458,-6.9137,-6.6146,1.907
459,-6.243,-4.5425,3.1598
460,-4.7099,-4.8779,1.6003
461,-4.8584,-5.7786,-0.13159
462,-6.4634,-6.09,0.88888
463,-7.3305,-5.8361,1.9453
464,-5.8813,-5.8625,0.49842
465,-3.7397,-6.8326,-2.3857
466,-1.5981,-10.225,-6.1251
467,5.9261,-18.429,-12.588
468,19.362,-27.968,-7.4115
469,12.106,-16.757,-0.67776
470,3.1281,-6.0876,-3.2673
471,-0.55132,-6.0397,-1.921
472,-6.528,-6.0062,2.6591
473,-10.876,-10.462,2.3358
474,-11.491,-18.278,4.9037
475,-7.5341,-21.55,6.3721
476,-1.8305,-11.044,-5.4376
477,1.0129,-6.3655,-5.4184
478,1.0441,-5.0001,-3.284
479,-1.167,-5.2085,-2.012
480,-2.9923,-7.0602,-0.22981
481,-2.5515,-10.584,1.8638
482,-1.7538,-14.944,4.3336
483,-1.2221,-14.165,5.196
484,-0.79087,-9.3814,4.1563
485,-0.33333,-8.0615,2.5178
486,-0.38364,-8.9933,1.3464
487,-0.59683,-10.208,1.1165
488,-0.54653,-11.118,0.92961
489,-0.70942,-10.917,0.405
490,-1.0807,-10.22,-0.13638
491,-1.7107,-9.7575,-0.05254
492,-2.0413,-9.9515,0.44572
493,-2.1395,-10.292,0.9847
494,-2.5396,-10.701,1.1668
495,-2.3719,-11.355,1.0111
496,-1.7011,-11.7,0.33313
497,-0.90106,-11.176,-1.4539
498,0.42124,-10.311,-1.5401
499,1.9999,-11.868,0.38104
500,2.7305,-13.782,1.138
501,3.0347,-13.173,0.6134
502,3.9474,-14.558,-0.054936
503,5.6146,-16.132,-2.9175
504,5.4997,-15.339,-10.015
505,2.685,-13.516,-8.2786
506,0.47155,-11.255,-1.6767
507,-0.7717,-12.05,3.6676
508,-2.506,-12.879,4.8797
509,-4.4296,-12.268,5.1552
510,-1.7634,-14.383,8.6071
511,-2.5875,-13.581,4.7767
512,-3.0019,-10.986,2.5442
513,0.78296,-11.027,-0.10764
514,1.6813,-10.938,-2.2684
515,-4.4056,-8.9335,2.2998
516,-7.2634,-7.8435,2.6088
517,-6.3556,-6.4901,2.0722
518,-4.3122,-5.5199,0.74755
519,-3.4714,-5.7187,0.10077
520,-5.3231,-6.0613,-0.30406
521,-7.2706,-5.7954,1.4949
522,-6.6766,-5.9439,2.0962
523,-3.8068,-7.9561,-0.75921
524,-0.4028,-11.58,-5.9406
525,4.769,-16.182,-11.304
526,14.332,-21.052,-8.0463
527,13.671,-18.508,0.26127
528,5.1619,-12.579,-3.5643
529,-0.87471,-8.2028,-1.6958
530,-6.2813,-5.4528,1.5788
531,-11.065,-8.6652,1.0015
532,-11.585,-14.215,3.0592
533,-8.6936,-21.653,8.3364
534,-2.9085,-13.988,-5.3034
535,-0.11534,-6.4829,-8.1517
536,0.06911,-4.9067,-2.8337
537,-0.39801,-5.0648,-0.41426
538,-2.0006,-6.1906,0.92721
539,-2.9492,-9.6641,2.3717
540,-2.2329,-14.697,4.518
541,-0.9849,-14.941,5.4475
542,-0.4531,-9.8461,3.8329
543,-0.56569,-7.5417,2.2447
544,-0.2423,-8.9023,1.0518
545,-0.90585,-10.517,0.62299
546,-1.0472,-11.772,0.70683
547,-1.0903,-11.31,0.7763
548,-1.5862,-9.7096,0.56789
549,-2.1539,-8.7131,0.53196
550,-2.288,-9.3359,1.0781
551,-2.3168,-10.711,1.7728
552,-2.4294,-11.461,1.4039
553,-2.1156,-11.602,0.41697
554,-1.2292,-11.693,-0.095659
555,-0.53455,-11.499,-0.68495
556,-0.033896,-10.694,-2.678
557,1.7819,-10.514,-2.4504
558,2.8335,-12.158,0.55591
559,2.5245,-12.932,1.665
560,2.3999,-14.347,1.7537
561,4.3906,-15.911,1.5452
562,5.6314,-16.779,-2.7858
563,2.879,-14.635,-15.446
564,0.12181,-11.763,-6.0772
565,-2.1563,-10.526,4.5348
566,-3.1839,-12.862,3.7922
567,-4.9231,-12.637,2.4843
568,-3.354,-13.708,4.9205
569,-1.7778,-13.636,7.5244
570,-1.7107,-11.168,3.5119
571,1.9496,-10.795,-5.0854
572,0.77099,-10.383,0.1918
573,-5.2129,-9.3215,3.7539
574,-7.4575,-8.3178,2.5609
575,-6.4658,-6.1787,1.9716
576,-4.1493,-5.587,0.79546
577,-3.0163,-5.975,0.18461
578,-4.341,-6.1858,-0.27532
579,-5.8741,-6.0828,0.90805
580,-6.1951,-6.0996,2.0267
581,-4.7386,-8.3106,-0.35916
582,-1.6652,-11.178,-4.0434
583,3.2647,-13.945,-7.2246
584,12.487,-17.902,-8.9877
585,14.832,-19.097,-2.2564
586,4.999,-12.752,-3.4757
587,0.46676,-9.367,-2.4289
588,-4.7242,-8.7035,2.2998
589,-8.6145,-11.267,1.9429
590,-10.528,-16.824,5.4187
591,-7.9102,-16.963,1.7944
592,-2.6593,-9.0772,-6.4772
593,-1.6197,-5.1893,-3.8781
594,-1.3825,-5.3977,-0.39988
595,-1.8161,-6.6769,1.9453
596,-3.0809,-8.416,2.2807
597,-2.4006,-11.456,2.9873
598,-1.7946,-13.106,4.3695
599,-0.90346,-11.559,3.9168
600,-0.81722,-9.4221,2.1465
601,-0.91064,-9.1323,1.2338
602,-0.91304,-9.6952,1.0111
603,-0.96095,-10.402,1.1524
604,-0.9825,-10.677,0.69725
605,-1.464,-10.246,0.10556
606,-1.6101,-9.803,0.19898
607,-1.8616,-9.6521,0.87451
608,-1.9527,-10.102,1.4303
609,-1.9814,-10.946,1.2386
610,-1.5478,-11.561,0.70443
611,-0.74775,-11.386,0.36427
612,-0.48185,-11.396,0.81702
613,0.33022,-10.723,0.61101
614,1.5375,-11.255,0.4553
615,1.9017,-12.769,0.44093
616,2.1891,-12.982,-0.083681
617,2.9964,-14.805,0.25408
618,5.0014,-16.156,-0.25137
619,5.9093,-16.934,-5.8065
620,2.4406,-15.075,-11.28
621,0.4428,-12.052,-4.8914
622,-1.8569,-10.637,1.9716
623,-2.9684,-12.649,3.6964
624,-4.3314,-12.158,3.1334
625,-3.033,-12.812,4.4198
626,-2.2042,-12.929,6.2859
627,-1.9862,-10.922,5.1073
628,1.0105,-11.446,-1.8012
629,1.5112,-12.242,-1.6575
630,-4.7458,-9.6186,3.1814
631,-6.2214,-8.2148,3.8209
632,-5.5722,-6.4781,2.3262
633,-4.8943,-5.2013,1.1524
634,-4.202,-5.23,-0.038167
635,-5.4692,-5.3354,0.23252
636,-7.0526,-4.8971,1.1308
637,-6.988,-5.163,1.3991
638,-5.5555,-6.9141,-0.95564
639,-3.4906,-10.411,-5.7993
640,6.8938,-19.167,-15.822
641,22.167,-27.812,-6.6066
642,10.537,-16.477,-0.071704
643,2.6586,-8.6077,-4.3428
644,-1.246,-6.7488,-0.9748
645,-7.63,-7.1057,2.4172
646,-10.986,-10.761,1.0949
647,-10.799,-18.271,8.1256
648,-6.6119,-18.633,3.7179
649,-2.5875,-9.1155,-6.8677
650,-1.5981,-5.3474,-4.4962
651,-1.3706,-5.357,-1.4874
652,-2.3383,-6.2098,0.36667
653,-2.8821,-7.4842,0.86253
654,-1.9287,-10.617,2.3861
655,-1.4544,-14.16,4.5228
656,-0.55611,-13.403,5.2175
657,-0.20397,-10.146,3.979
658,-0.17763,-9.1179,1.8064
659,-0.000359,-9.5275,0.012138
660,-0.21356,-10.122,-0.4981
661,-0.59204,-10.522,-0.23699
662,-0.57288,-10.529,0.1918
663,-1.064,-10.112,0.18461
664,-2.0245,-9.9587,0.4026
665,-2.2928,-10.423,0.83618
666,-2.6569,-10.589,0.75953
667,-2.7408,-10.704,0.60861
668,-1.9958,-11.159,0.82181
669,-1.0065,-11.485,0.36667
670,0.090669,-10.457,-0.42384
671,1.5304,-10.965,0.4002
672,2.6059,-13.224,0.33792
673,3.6767,-13.734,-1.4275
674,4.4912,-15.15,-2.4887
675,5.6051,-16.103,-3.9572
676,5.8446,-15.083,-4.9776
677,4.175,-14.58,-9.0955
678,0.30626,-12.213,-3.3104
679,-1.2125,-13.437,6.0535
680,-4.2883,-12.862,5.826
681,-4.3266,-13.339,6.8416
682,-2.6929,-14.728,9.1748
683,-4.1565,-12.196,3.7491
684,-2.2904,-10.488,5.5673
685,3.1018,-11.418,-3.5595
686,0.98897,-9.8078,-2.7043
687,-5.7543,-8.1382,4.6426
688,-6.3723,-7.1632,4.2833
689,-5.9459,-5.5151,2.652
690,-4.7147,-4.8923,-0.28969
691,-4.3721,-5.4792,-0.21783
692,-6.3292,-6.4206,1.689
693,-7.5605,-6.0852,2.8388
694,-6.2837,-6.6817,0.48405
695,-4.8296,-9.3838,-3.8661
696,-0.35729,-14.884,-9.1003
697,12.308,-20.918,-9.8956
698,17.467,-20.159,-4.2758
699,8.4245,-13.815,-1.6431
700,0.14816,-10.069,-1.7941
701,-4.8057,-5.8816,0.80504
702,-9.9775,-7.0338,1.9477
703,-10.543,-12.644,2.1417
704,-8.6576,-21.189,11.01
705,-5.2656,-17.84,1.0206
706,-2.1012,-7.9178,-7.5767
707,0.11702,-4.5713,-6.4724
708,-0.52257,-4.2335,-5.6053
709,-2.3599,-6.3966,-1.4275
710,-2.427,-8.8616,0.60382
711,-2.3431,-13.432,1.9549
712,-2.8222,-14.987,3.7419
713,-2.0126,-10.411,4.645
714,-1.3897,-7.7094,5.2511
715,-1.1813,-8.5933,4.1108
716,-0.59683,-10.306,2.0962
717,-1.1502,-11.14,1.3009
718,-1.543,-11.015,0.80744
719,-1.2628,-10.364,-0.10045
720,-1.682,-9.3766,-0.68255
721,-1.8664,-9.2688,-0.25376
722,-1.6676,-10.263,0.95356
723,-1.8616,-10.843,1.689
724,-1.6916,-10.946,1.0805
725,-1.2604,-11.178,0.32594
726,-1.0544,-11.36,0.25648
727,-1.1694,-10.747,-0.13399
728,-0.41957,-10.105,-0.064517
729,0.90034,-11.315,1.0542
730,2.0382,-13.238,1.162
731,3.5785,-15.126,-0.40228
732,4.805,-16.125,-2.242
733,6.477,-17.112,-8.7721
734,4.024,-15.854,-9.371
735,1.6334,-12.383,-5.737
736,-1.0807,-10.857,-0.64183
737,-2.4581,-12.781,3.6964
738,-4.7602,-11.854,2.6304
739,-4.3266,-12.122,3.0472
740,-2.4174,-13.796,5.3205
741,-2.2066,-12.905,8.152
742,-3.457,-10.608,4.8199
743,-2.4126,-10.141,-5.5837
744,-1.6173,-10.095,-3.8614
745,-5.8789,-7.6639,3.1215
746,-7.2084,-6.4541,2.858
747,-4.8392,-6.2673,0.43374
748,-2.7839,-6.3008,-0.098054
749,-3.7613,-5.6564,0.11993
750,-6.0465,-5.0552,0.24929
751,-6.952,-5.4696,1.3416
752,-5.2177,-7.2782,0.99908
753,-2.4198,-9.7383,-1.4491
754,1.1279,-13.312,-2.6468
755,7.9742,-16.175,-3.6194
756,12.926,-17.864,-5.4663
757,10.58,-17.794,-5.9837
758,1.8226,-14.208,-1.727
759,-1.9072,-14.445,-1.4251
760,-5.3135,-13.056,-0.91012
761,-8.2863,-12.943,1.1883
762,-4.4488,-11.83,0.026511
763,-1.6173,-7.8267,-1.291
764,-2.7863,-5.1175,-0.18669
765,-3.4594,-5.5031,0.49842
766,-4.2907,-7.7333,2.0172
767,-5.3878,-9.8509,2.1058
768,-5.1866,-11.969,2.1824
769,-4.1397,-11.14,2.8939
770,-2.8055,-9.058,2.1297
771,-1.7754,-9.0173,1.3081
772,-1.567,-9.7024,1.3225
773,-1.1717,-10.608,1.6387
774,-1.0927,-11.329,2.1106
775,-1.1119,-11.154,2.5178
776,-0.89627,-10.55,1.8183
777,-1.0735,-9.9947,0.86732
778,-0.6663,-10.165,0.95117
779,-0.3501,-10.268,1.3656
780,-0.30698,-10.5,1.5476
781,-0.192,-10.776,1.4878
782,0.059528,-10.754,1.162
783,0.011618,-10.481,0.84337
784,0.17451,-10.994,0.75474
785,0.50748,-11.077,1.1093
786,0.71349,-11.135,1.8974
787,0.68954,-11.947,2.1657
788,0.8716,-11.856,1.0709
789,2.0645,-12.148,-0.74004
790,4.3474,-14.596,-2.86
791,5.4278,-15.202,-15.894
792,2.7233,-15.334,-17.262
793,-1.4592,-13.614,1.4422
794,-4.1374,-12.534,-1.394
795,-4.8752,-13.078,0.67808
796,-7.5222,-13.93,3.1622
797,-7.9797,-15.171,2.7118
798,-5.2249,-13.705,1.15
799,-4.1924,-8.7682,1.5357
800,-5.4261,-5.9319,0.97991
801,-6.1975,-7.5824,-2.5582
802,-5.5315,-8.3609,-4.1009
803,-3.3133,-7.695,-1.2431
804,0.50269,-7.8148,4.3264
805,2.6658,-8.222,2.0938
806,1.1495,-7.1105,-2.0432
807,-1.3466,-6.6362,0.63017
808,-4.8464,-6.526,1.3177
809,-6.3364,-6.8709,0.36188
810,-4.9854,-8.5646,-0.59392
811,-1.67,-11.425,-2.1893
812,5.8781,-14.52,-3.9931
813,9.9265,-14.687,-2.872
814,8.6617,-13.102,-0.58673
815,5.2505,-11.676,-2.8888
816,1.6765,-11.475,-2.9535
817,-1.6748,-13.751,0.13191
818,-3.9122,-16.961,1.138
819,-6.528,-17.619,0.019324
820,-5.395,-11.796,-1.1161
821,-2.8773,-6.4517,-2.345
822,-1.7515,-4.9833,-0.73765
823,-1.6413,-4.212,0.83379
824,-2.9803,-5.8409,0.14389
825,-3.5217,-9.5778,-1.8348
826,-4.7242,-13.947,-1.1353
827,-5.2536,-16.022,1.4255
828,-4.1469,-11.597,4.4078
829,-3.2726,-7.0602,6.8081
830,-2.4557,-7.2039,7.165
831,-2.0557,-9.4748,4.4462
832,-1.8137,-11.322,1.5908
833,-1.04,-11.842,1.4638
834,-0.96095,-11.176,2.5873
835,-2.1084,-10.148,1.2266
836,-2.0197,-10.134,0.050465
837,-1.2221,-10.519,0.17982
838,-0.4028,-10.431,1.1404
839,0.16014,-10.423,2.18
840,0.61049,-11.006,3.5622
841,1.1686,-11.226,5.5864
842,1.4872,-10.915,5.0546
843,1.5495,-10.644,1.7153
844,1.7244,-10.797,-0.42384
845,1.916,-11.262,-0.59631
846,1.7651,-11.104,-0.27532
847,0.9722,-11.305,-0.18908
848,0.36855,-12.474,0.10317
849,0.23679,-12.67,0.99668
850,0.049946,-11.19,1.2578
851,1.0848,-12.769,0.63736
852,1.1423,-13.974,-1.6312
853,0.15535,-13.463,-10.365
854,-0.10816,-14.565,-23.499
855,1.5854,-12.481,2.5777
856,1.7843,-11.034,-0.67297
857,-4.535,-11.396,-3.3128
858,-4.3242,-11.933,0.74515
859,-3.9625,-11.897,2.7071
860,-5.3423,-13.233,2.4052
861,-5.5675,-13.526,2.1753
862,-3.2247,-12.443,2.937
863,-3.3852,-9.7288,3.7922
864,-3.9984,-6.9883,-0.16992
865,-0.79805,-6.7368,-3.3847
866,1.8178,-7.7405,-1.1233
867,-0.69505,-7.6112,-0.71609
868,-3.2846,-6.9284,-1.4299
869,-5.0404,-6.2625,-0.66099
870,-4.9734,-5.2324,1.4398
871,-3.3516,-5.2875,1.3847
872,-2.094,-7.7333,0.71641
873,-0.52018,-10.356,-0.57954
874,1.2764,-11.679,-1.2862
875,5.653,-14.22,-4.8267
876,13.709,-18.903,-8.9374
877,10.049,-17.679,-4.4243
878,1.8729,-12.529,-4.6375
879,-3.56,-10.143,-2.5534
880,-5.7016,-10.483,0.17503
881,-8.442,-11.303,1.3033
882,-8.0995,-15.011,4.2282
883,-4.1374,-12.028,-0.764
884,-2.1156,-7.5513,-3.284
885,-1.4856,-6.9548,-0.98917
886,-1.967,-6.399,0.2972
887,-2.0581,-7.6543,0.54393
888,-3.1217,-9.8078,1.0829
889,-3.9409,-12.402,2.5202
890,-3.1097,-12.989,4.0581
891,-2.0269,-10.095,4.3719
892,-1.4927,-8.7586,3.0304
893,-1.064,-9.0676,0.87451
894,-0.69744,-9.9252,0.32116
895,-0.192,-10.907,0.67329
896,0.10744,-10.946,0.9344
897,0.028387,-10.455,1.2889
898,-0.20877,-10.158,1.562
899,-0.2447,-10.22,1.1548
900,-0.23751,-10.186,0.53675
901,-0.52736,-9.8198,0.37385
902,-0.99448,-9.8509,0.99668
903,-0.80524,-10.673,1.3824
904,-0.74056,-11.54,1.4015
905,-0.96095,-12.213,1.2985
906,-0.67828,-11.889,0.95117
907,-0.067433,-10.668,0.36188
908,0.74703,-10.747,0.46728
909,1.8154,-12.069,0.91284
910,3.8156,-15.411,-0.11482
911,5.7033,-16.486,-1.9737
912,5.653,-16.019,-10.526
913,1.7531,-14.891,-14.155
914,0.2871,-12.663,-3.4685
915,-2.3695,-11.013,-1.4779
916,-3.1528,-13.509,0.11035
917,-4.9566,-12.498,1.5524
918,-6.0442,-12.316,2.4004
919,-4.3601,-13.918,3.143
920,-2.5372,-12.297,4.8797
921,-2.4988,-9.3982,3.9695
922,-0.75254,-9.9372,-2.9559
923,-3.0474,-9.3838,-0.6586
924,-4.2284,-7.6591,1.9908
925,-2.4054,-6.859,0.78588
926,-2.003,-6.6793,0.31636
927,-2.8725,-6.756,0.00016
928,-4.9183,-5.6756,-0.53643
929,-6.3316,-3.8047,0.46728
930,-6.4107,-3.8598,1.8734
931,-4.42,-6.7081,1.1811
932,-1.5263,-10.27,-1.9186
933,3.0443,-14.764,-7.9385
934,14.442,-22.6,-12.602
935,14.15,-22.315,-3.9188
936,4.4792,-11.372,-3.7751
937,0.41645,-7.1297,-3.5619
938,-6.2741,-9.7431,0.62299
939,-9.6973,-12.517,1.0661
940,-8.5858,-14.69,4.8941
941,-7.2515,-16.026,6.4344
942,-3.6918,-10.179,-4.5752
943,-2.0748,-6.9021,-3.5188
944,-2.0269,-6.0517,-1.0443
945,-2.0485,-5.6133,0.50321
946,-2.6665,-6.5811,1.483
947,-2.8797,-10.313,1.4542
948,-2.6306,-14.443,2.4986
949,-1.5478,-13.164,3.7802
950,-0.65433,-9.494,4.0677
951,-0.47227,-8.4951,3.8114
952,-0.63277,-9.1778,2.4292
953,-0.73338,-10.771,0.94158
954,-0.78608,-11.238,0.35709
955,-0.719,-10.505,0.31397
956,-0.83159,-9.7383,0.26606
957,-0.71182,-9.7982,0.54633
958,-0.80763,-10.119,1.574
959,-0.83159,-10.984,2.6376
960,-0.616,-11.559,2.204
961,-0.54174,-11.176,0.89128
962,-0.6136,-11.636,-0.081286
963,-0.53455,-11.779,-0.60111
964,0.10744,-10.311,-0.12201
965,0.53383,-11.056,0.97272
966,0.4979,-12.86,0.00016
967,2.6874,-13.444,-3.0086
968,4.7211,-15.478,-3.9045
969,4.9966,-15.65,-2.3762
970,4.5511,-15.888,-6.3287
971,2.5077,-13.88,-6.9467
972,0.2871,-11.655,-2.6732
973,-1.5694,-13.15,2.8244
974,-4.432,-13.521,2.9562
975,-5.6178,-12.857,2.2304
976,-3.7804,-14.115,3.5071
977,-3.2678,-12.582,5.6391
978,-1.6988,-10.617,4.3935
979,0.98658,-10.704,-4.3764
980,-3.2414,-9.4509,-0.45498
981,-6.3556,-8.2915,4.1946
982,-5.4597,-7.247,2.6328
983,-3.7684,-6.2721,1.2171
984,-2.839,-5.8265,0.90565
985,-4.0703,-5.5918,0.53914
986,-6.3939,-4.806,0.28283
987,-7.3545,-3.9485,1.9692
988,-5.9938,-5.2396,1.5596
989,-3.2079,-8.1837,-0.46456
990,0.6033,-12.972,-5.931
991,12.856,-21.838,-13.278
992,17.573,-24.875,-6.0269
993,6.8962,-14.534,-2.793
994,0.977,-8.6556,-4.4746
995,-4.4655,-7.0075,-0.45977
996,-10.191,-10.632,1.9261
997,-10.162,-14.129,3.143
998,-8.7606,-17.639,6.4656
999,-3.893,-11.887,-4.2015
1000,-1.6556,-6.7248,-4.2255
1001,-1.4951,-5.8289,-0.95085
1002,-1.7323,-5.7187,0.71401
1003,-2.2329,-6.744,1.9453
1004,-2.5995,-9.518,1.768
1005,-2.3479,-13.284,2.1393
1006,-1.488,-13.406,3.6365
1007,-0.92262,-9.9994,3.7491
1008,-0.38843,-8.452,3.5335
1009,-0.36926,-9.2616,2.3453
1010,-0.21595,-10.697,1.1596
1011,-0.51778,-11.432,0.63736
1012,-1.1119,-10.443,0.60143
1013,-0.68307,-9.8413,-0.11961
1014,-0.9322,-9.6329,-0.14836
1015,-1.4736,-9.5635,1.3081
1016,-1.4688,-10.594,2.5729
1017,-1.6724,-11.839,2.1729
1018,-1.6724,-12.242,0.83618
1019,-1.3035,-11.585,0.20617
1020,-1.155,-10.833,-1.418
1021,1.0632,-10.816,-7.0641
1022,2.4885,-11.693,-1.1784
1023,2.3688,-12.639,3.3514
1024,2.8551,-13.188,1.0063
1025,4.3834,-15.753,0.10317
1026,6.3141,-16.743,-5.5645
1027,5.3847,-16.221,-10.741
1028,1.619,-12.599,-5.9406
1029,-1.4832,-11.93,0.13191
1030,-2.9181,-14.592,5.0379
1031,-6.437,-13.253,4.0078
1032,-5.0333,-14.606,2.2687
1033,-3.6702,-14.551,4.4653
1034,-2.0916,-12.04,4.3863
1035,1.6477,-10.912,-5.0184
1036,-1.8976,-9.3934,-1.6144
1037,-6.4466,-8.5837,4.9828
1038,-6.8466,-7.7022,3.6557
1039,-5.0692,-6.2409,1.3584
1040,-3.0666,-5.5079,1.3249
1041,-3.0642,-5.6397,0.89607
1042,-5.2369,-5.3498,-0.30167
1043,-6.9233,-4.5952,0.22294
1044,-6.6933,-3.9988,1.7057
1045,-4.4248,-5.9032,1.6626
1046,-1.3562,-9.4461,-1.2551
1047,2.8551,-14.536,-8.4822
1048,15.544,-23.972,-15.17
1049,17.295,-24.988,-4.1991
1050,4.1989,-11.461,-2.3977
1051,0.29668,-6.8662,-2.9103
1052,-5.0572,-8.2268,1.907
1053,-9.829,-11.772,2.6304
1054,-12.258,-17.157,7.9196
1055,-8.6265,-17.035,1.1308
1056,-2.506,-8.6244,-7.1096
1057,-1.5215,-4.8252,-3.217
1058,-1.6077,-4.9138,-0.61308
1059,-2.6905,-5.6157,1.0518
1060,-3.3468,-7.6758,2.3861
1061,-2.4797,-11.377,2.2519
1062,-1.7586,-14.551,3.1622
1063,-1.0855,-13.025,3.7371
1064,-0.54653,-9.8294,3.1909
1065,-0.79805,-8.4735,2.4891
1066,-0.75254,-8.5789,1.9094
1067,-0.57048,-10.193,1.4566
1068,-0.78129,-11.025,1.3033
1069,-0.94657,-10.407,0.8242
1070,-0.70942,-10.179,0.37385
1071,-1.3562,-9.9372,0.67329
1072,-1.7299,-10.548,1.4135
1073,-1.7658,-11.185,1.5836
1074,-1.6029,-11.398,0.83858
1075,-0.86034,-11.691,0.33792
1076,0.129,-12.112,0.46488
1077,0.89315,-11.372,-0.53164
1078,1.7579,-10.972,-0.86221
1079,2.6562,-12.685,-1.1449
1080,3.3701,-13.708,-3.8542
1081,3.9115,-15.399,-1.818
1082,5.6075,-16.647,-1.8563
1083,6.0626,-16.312,-9.0571
1084,2.9676,-14.196,-10.49
1085,-1.4544,-12.067,1.5716
1086,-2.6857,-14.065,6.8608
1087,-4.8704,-13.753,5.1409
1088,-3.6894,-14.227,5.0331
1089,-3.7157,-13.995,7.4118
1090,-4.3553,-11.41,4.1587
1091,0.50748,-10.898,-4.1584
1092,2.6011,-11.03,-5.634
1093,-4.6572,-9.3479,4.0413
1094,-8.1953,-8.2843,4.4366
1095,-6.5951,-6.8278,2.6328
1096,-4.1661,-5.6037,1.8399
1097,-3.7253,-5.0168,0.87451
1098,-5.7303,-5.1821,0.21336
1099,-7.7354,-5.0911,0.78588
1100,-6.8059,-4.5306,1.1452
1101,-5.1985,-5.5151,0.51519
1102,-2.8749,-8.7897,-2.0576
1103,3.0443,-14.86,-9.8956
1104,16.538,-24.042,-14.344
1105,17.051,-22.686,-1.3413
1106,4.5822,-10.816,-3.2936
1107,0.61767,-7.6351,-3.078
1108,-5.4285,-8.3346,2.0746
1109,-9.2972,-11.813,2.3118
1110,-11.403,-18.235,6.7075
1111,-9.5895,-18.297,3.7155
1112,-3.1097,-8.2555,-7.0881
1113,-1.6748,-4.0922,-4.7213
1114,-2.2138,-4.4276,-1.4419
1115,-3.263,-5.2157,1.2626
1116,-3.3013,-7.3429,1.5165
1117,-2.324,-11.25,1.5548
1118,-2.094,-14.659,2.9634
1119,-1.4065,-13.377,3.8425
1120,-0.33333,-10.179,3.6676
1121,-0.21116,-8.5837,2.9107
1122,-0.12971,-8.634,2.0243
1123,-0.16565,-10.182,1.3512
1124,-0.29261,-11.619,0.89607
1125,-0.33573,-11.425,0.75474
1126,-0.43634,-10.335,0.48884
1127,-1.2316,-9.7144,0.39781
1128,-1.8449,-10.174,0.89128
1129,-2.1419,-10.483,1.3153
1130,-2.4414,-10.428,1.1763
1131,-2.0437,-10.905,1.0685
1132,-1.0687,-11.729,1.0446
1133,-0.37645,-11.825,-0.59871
1134,0.90513,-11.291,-2.3235
1135,3.3892,-12.924,-5.7226
1136,2.34,-12.508,-0.30646
1137,1.9663,-12.857,2.1178
1138,3.4228,-15.394,0.48405
1139,6.0099,-16.534,-4.6327
1140,5.7488,-16.151,-9.898
1141,2.0502,-12.68,-5.4783
1142,-1.2939,-12.261,2.8029
1143,-3.2798,-14.108,5.7158
1144,-5.5243,-13.954,3.7395
1145,-3.8092,-14.867,5.9601
1146,-3.1193,-13.435,7.6849
1147,-3.4642,-10.165,3.4233
1148,1.5399,-9.8413,-4.7884
1149,2.5508,-10.313,-0.92929
1150,-4.5853,-9.2041,4.1036
1151,-7.3377,-8.3058,2.8172
1152,-6.2094,-6.5044,1.9501
1153,-4.3553,-5.4959,2.204
1154,-3.7924,-5.3786,0.7715
1155,-5.5842,-5.2851,-0.028585
1156,-7.6731,-4.8875,1.7249
1157,-7.2778,-4.9546,2.2208
1158,-5.7112,-6.926,1.0446
1159,-3.0019,-10.61,-2.1318
1160,1.3675,-15.569,-7.7253
1161,11.476,-21.639,-13.958
1162,17.4,-22.183,-4.1536
1163,6.9873,-12.84,-1.1401
1164,0.44041,-8.4807,-3.2505
1165,-4.7626,-10.663,1.1284
1166,-8.2192,-12.206,2.1178
1167,-9.9727,-15.737,5.7086
1168,-7.3665,-15.332,2.6184
1169,-2.1922,-7.8986,-4.3213
1170,-2.1156,-4.176,-2.8552
1171,-3.1744,-4.703,-0.52205
1172,-3.7756,-6.4493,1.5836
1173,-4.2428,-8.9526,2.3429
1174,-3.687,-12.031,2.1321
1175,-2.9444,-13.027,2.7238
1176,-2.0724,-10.625,2.4771
1177,-1.373,-9.0293,1.9165
1178,-1.1214,-9.0748,1.8064
1179,-0.74056,-10.217,1.8591
1180,-0.26386,-11.612,1.5069
1181,-0.32614,-11.674,1.2362
1182,-0.58486,-10.591,1.2602
1183,-0.44831,-9.918,1.6626
1184,-0.038687,-9.5802,1.974
1185,0.10744,-10.026,2.2831
1186,-0.23272,-10.718,2.2136
1187,-0.22314,-11.851,1.2937
1188,-0.31896,-12.258,0.19659
1189,-0.86034,-11.463,-0.74244
1190,-1.1717,-10.239,-2.0144
1191,0.16732,-9.9228,-1.4299
1192,1.6381,-11.724,-1.0251
1193,1.5375,-12.555,-1.0491
1194,1.7459,-13.243,0.37385
1195,3.3006,-15.339,0.99668
1196,5.4661,-15.737,0.36667
1197,6.5369,-16.999,-12.624
1198,2.7257,-13.796,-9.0356
1199,-0.8771,-11.703,2.1776
1200,-3.1935,-13.617,3.785
1201,-6.5209,-13.866,3.464
1202,-5.5555,-15.202,2.5106
1203,-4.123,-15.581,3.385
1204,-4.0343,-12.414,3.8281
1205,-3.1241,-9.5275,2.1633
1206,-0.98011,-9.7934,-3.0996
1207,-3.6654,-9.4605,-2.3282
1208,-6.2573,-8.1717,0.31157
1209,-5.1626,-7.0099,1.3919
1210,-2.9851,-5.5439,1.9285
1211,-2.2186,-4.3892,0.97272
1212,-4.2907,-3.8622,1.15
1213,-6.5328,-4.0874,1.5021
1214,-7.0311,-4.1736,1.2554
1215,-6.5544,-4.7198,1.0518
1216,-5.0788,-7.283,-0.014212
1217,-2.5108,-11.327,-2.2588
1218,2.8263,-17.914,-6.0891
1219,16.682,-25.663,-10.171
1220,15.352,-20.501,-3.6482
1221,4.3307,-9.8629,-3.0229
1222,-0.32614,-10.823,-2.769
1223,-3.1121,-12.239,0.86493
1224,-6.7484,-13.499,2.5202
1225,-8.4588,-16.827,4.6905
1226,-3.3397,-11.76,-2.4049
1227,-2.4605,-5.9679,-3.0876
1228,-3.2606,-5.0264,-0.91012
1229,-3.0714,-6.2122,1.7992
1230,-4.2763,-7.077,2.6136
1231,-4.5877,-9.2065,1.5644
1232,-4.765,-12.876,2.4699
1233,-4.7482,-12.16,2.6544
1234,-2.9564,-9.4126,2.307
1235,-1.5095,-8.5214,2.5394
1236,-0.99448,-9.0987,2.7861
1237,-0.69744,-10.924,2.9298
1238,-0.43394,-12.287,2.8029
1239,-0.16565,-12.036,1.9932
1240,0.088274,-11.015,1.3249
1241,0.42604,-10.11,1.4279
1242,0.92909,-9.7791,1.689
1243,0.93627,-10.182,1.8375
1244,0.73505,-10.476,1.471
1245,0.78296,-10.141,0.46488
1246,0.31105,-10.584,-0.019003
1247,-0.30698,-12.639,0.32594
1248,0.057132,-12.448,0.43853
1249,1.2022,-11.049,0.42656
1250,1.9496,-11.422,-1.5952
1251,3.3916,-14.115,-2.6157
1252,5.0301,-15.931,-2.0743
1253,5.4038,-15.26,-3.9404
1254,3.5258,-15.574,-8.8895
1255,2.0071,-14.283,-8.9374
1256,-0.20158,-12.472,0.68766
1257,-1.5934,-12.886,4.3216
1258,-3.1792,-12.072,2.4555
1259,-3.917,-12.757,0.086398
1260,-4.5182,-15.358,3.2293
1261,-4.5901,-15.131,14.517
1262,-3.1552,-10.936,8.1041
1263,-1.7059,-9.5012,0.012138
1264,-1.6988,-9.5922,-3.1475
1265,-4.2691,-8.5909,-6.0029
1266,-5.8645,-8.0639,-0.43342
1267,-5.486,-7.1488,3.3011
1268,-4.3985,-6.1475,2.3262
1269,-5.0213,-5.8625,0.88888
1270,-5.9795,-5.1654,1.9309
1271,-6.6095,-4.8755,0.72599
1272,-6.5113,-5.9846,-1.1042
1273,-5.3303,-8.3442,-1.394
1274,-4.0415,-12.596,-4.9225
1275,7.7418,-22.351,-16.751
1276,20.802,-24.875,-5.1334
1277,8.4868,-10.562,-2.06
1278,1.3603,-6.5092,-1.4108
1279,-3.5217,-7.0338,0.71401
1280,-8.6983,-10.68,0.32834
1281,-9.8434,-17.979,3.3874
1282,-7.6539,-23.299,9.5581
1283,-3.3277,-8.5095,-2.6277
1284,-1.2125,-2.0129,-5.1477
1285,-0.62318,-3.4119,-0.77118
1286,-0.47706,-7.0746,1.1883
1287,-2.9276,-9.0604,-1.2718
1288,-2.3719,-10.828,-2.6852
1289,-2.1012,-12.905,0.44332
1290,-2.5827,-12.682,3.2915
1291,-1.8185,-10.637,3.4209
1292,-0.99688,-9.8126,1.9309
1293,-0.64953,-10.086,0.71641
1294,-1.4233,-10.452,2.4867
1295,0.004432,-10.526,0.37146
1296,-1.2484,-10.026,-1.9402
1297,-2.2761,-8.1813,-0.82149
1298,-1.4568,-8.0879,-0.67776
1299,-1.0496,-8.6125,-0.50768
1300,-2.1587,-9.585,0.43135
1301,-2.3216,-11.101,1.4806
1302,-2.3527,-12.218,2.1273
1303,-3.3468,-11.053,0.71162
1304,-3.069,-10.421,-1.9522
1305,-1.8616,-10.356,-2.472
1306,-1.028,-10.083,-0.57475
1307,-2.106,-11.418,0.11993
1308,-1.9239,-13.248,1.2386
1309,1.2189,-12.785,2.5849
1310,3.3294,-13.312,1.8471
1311,4.9607,-16.041,-1.0946
1312,4.4744,-16.029,-5.4543
1313,3.1401,-13.78,-7.1432
1314,1.4872,-12.321,-16.732
1315,0.17211,-12.826,-9.3422
1316,-0.75254,-13.19,1.1356
1317,-3.1121,-12.685,-0.85263
1318,-3.5672,-13.736,9.2755
1319,-4.4679,-14.853,10.979
1320,-7.6491,-13.914,2.4531
1321,-7.2419,-10.095,2.4939
1322,-6.6813,-9.3503,1.8686
1323,-6.4178,-9.8294,-1.727
1324,-3.2582,-9.0748,-2.678
1325,0.47634,-7.9896,-2.7187
1326,1.3339,-7.477,-0.79753
1327,-0.91543,-6.8853,-0.57954
1328,-4.6452,-5.8169,0.076816
1329,-5.7806,-5.8529,2.3501
1330,-5.074,-5.9726,0.6685
1331,-4.8201,-7.2135,-1.4802
1332,-2.8749,-8.8784,-3.7943
1333,-1.4329,-9.9899,-0.16513
1334,-2.4917,-11.53,-4.7141
1335,3.6959,-17.08,-12.083
1336,11.237,-20.204,-10.006
1337,7.0807,-16.484,-3.5859
1338,-0.19679,-10.479,0.53675
1339,-6.2286,-11.671,1.5165
1340,-9.5727,-15.32,2.6136
1341,-6.5783,-15.145,3.888
1342,-2.3743,-8.6819,0.69485
1343,-3.263,-4.6551,-5.3298
1344,-6.0561,-6.332,1.4614
1345,-6.5616,-6.3799,12.054
1346,-9.6733,-6.5811,0.26366
1347,-7.8983,-8.9909,-1.9234
1348,-3.6295,-11.209,-6.7695
1349,-2.8366,-12.103,-0.89575
1350,-1.9814,-12.273,3.5479
1351,0.36136,-11.561,4.2114
1352,-2.2449,-10.423,2.652
1353,-3.6151,-10.788,1.3081
1354,-2.0772,-11.657,0.23731
1355,-0.6663,-10.538,-1.5114
1356,0.46676,-9.6425,-0.90054
1357,0.62726,-10.227,1.2961
1358,-0.72859,-11.125,1.8519
1359,-0.98969,-11.427,2.0435
1360,-1.1334,-10.979,1.7441
1361,-1.0735,-10.531,1.0182
1362,-0.92022,-10.577,-0.074099
1363,-1.3682,-10.399,-2.2348
1364,-1.4856,-10.189,0.14868
1365,-2.5515,-10.85,-0.93887
1366,-5.3638,-9.1754,-1.5761
1367,-7.8312,-8.4472,-0.70411
1368,-8.2001,-8.9694,-0.28969
1369,-5.5267,-9.1443,-0.14596
1370,-2.2928,-10.153,0.32834
1371,-0.73338,-11.384,1.5908
1372,-0.85554,-11.652,2.2567
1373,-1.0352,-10.931,2.1657
1374,-1.4592,-11.037,-0.007026
1375,-1.6437,-11.204,-1.588
1376,-1.1478,-11.295,-1.7461
1377,-0.5609,-11.02,-1.497
1378,-1.2364,-10.299,-0.85503
1379,-2.0054,-10.078,-0.39988
1380,-2.4893,-9.4892,-1.0778
1381,-3.5696,-10.922,-3.1283
1382,-2.5156,-11.736,-0.54601
1383,0.22482,-12.694,-0.095659
1384,1.0249,-12.864,-4.0578
1385,-0.77889,-12.824,-5.0519
1386,-3.802,-11.022,-0.89335
1387,-4.4104,-10.483,1.7225
1388,-2.3479,-10.828,2.6807
1389,-0.80524,-10.383,2.4795
1390,-0.2974,-8.6795,1.5357
1391,-0.90106,-7.477,2.604
1392,-2.3887,-8.4879,1.3033
1393,-3.045,-9.724,-0.51726
1394,-2.185,-11.374,-3.1379
1395,-0.95615,-11.755,-4.5297
1396,-1.1406,-11.923,-4.0745
1397,0.081087,-12.888,-4.6734
1398,2.9389,-14.8,-2.3019
1399,2.8263,-15.816,1.7225
1400,0.54102,-13.751,3.7826
1401,-0.36926,-13.588,3.0017
1402,-0.81722,-13.281,-4.8315
1403,-2.0413,-9.4006,-10.995
1404,1.5495,-10.514,-0.33281
1405,4.7115,-11.981,6.099
1406,3.1928,-12.908,3.5191
1407,-0.52257,-11.954,-0.64183
1408,-2.415,-10.088,0.30918
1409,-1.7323,-8.7442,4.6162
1410,-3.4211,-7.9944,2.9011
1411,-5.4692,-6.7727,-1.3868
1412,-2.9803,-5.975,1.4542
1413,1.3219,-8.0064,4.0006
1414,4.1606,-9.997,2.2926
1415,2.9724,-8.0016,0.64694
1416,2.2777,-6.4158,0.024115
1417,3.4707,-7.3213,-1.5641
1418,1.2094,-7.8555,0.1894
1419,1.9064,-8.9311,2.1226
1420,2.5987,-10.481,1.3201
1421,4.3762,-12.591,-0.35437
1422,8.4054,-14.58,2.0962
1423,7.1501,-13.609,5.7158
1424,3.6983,-10.898,3.6485
1425,1.8921,-8.1262,2.3789
1426,-2.4677,-5.793,4.3432
1427,0.64163,-7.8723,4.4677
1428,4.5798,-10.5,4.3096
1429,6.0339,-12.409,7.3758
1430,5.9428,-13.835,9.0431
1431,4.5822,-14.491,7.6441
1432,2.7616,-14.592,7.7903
1433,2.4263,-12.098,5.6247
1434,3.1066,-10.85,-0.28969
1435,2.3065,-11.118,-2.9535
1436,1.425,-9.1586,-2.6924
1437,3.2599,-7.2183,5.0115
1438,4.4864,-6.7871,9.3138
1439,7.9071,-7.7429,8.7892
1440,15.867,-8.7514,8.1616
1441,14.468,-8.4472,7.1315
1442,9.9624,-7.2806,7.8837
1443,7.7466,-6.399,9.4455
1444,5.3344,-5.7571,9.6851
1445,0.7087,-4.0754,9.7018
1446,-1.9024,-3.6347,11.185
1447,-2.3431,-3.9006,12.737
1448,-2.5995,-3.9988,12.957
1449,-3.7205,-3.9533,12.828
1450,-4.3362,-3.8838,12.617
1451,-3.3253,-4.5833,11.98
1452,-2.7959,-6.011,11.276
1453,-3.354,-5.5822,9.9055
1454,-2.7001,-4.0012,7.8621
1455,-0.54174,-3.0502,5.9529
1456,2.34,-3.3448,6.0008
1457,1.0129,-1.8165,5.8691
1458,-1.8952,-1.1961,5.4738
1459,-2.8582,-0.16601,4.9708
1460,-2.0605,-0.62594,4.3144
1461,-2.2162,1.1347,4.4605
1462,-2.9971,1.336,6.3194
1463,-2.7671,1.439,6.6213
1464,-0.093783,0.19811,4.6833
1465,15.065,-7.8483,14.052
1466,11.273,-5.7427,15.583
1467,-2.6977,0.41849,10.353
1468,3.8588,-1.117,9.115
1469,0.91951,-0.36004,9.9414
1470,-0.51778,-0.03665,12.327
1471,0.89315,-0.99484,10.837
1472,1.2788,0.39214,7.692
1473,1.1878,1.2186,9.9486
1474,0.75901,1.9947,10.579
1475,1.7148,1.1299,9.6635
1476,1.1207,0.95747,9.8983
1477,0.76859,2.56,8.7101
1478,2.2394,0.56941,8.2933
1479,1.916,-0.6475,8.8682
1480,-0.31177,2.9026,9.0263
1481,-0.002755,4.9028,8.0609
1482,0.25117,3.7075,8.9976
1483,-0.58965,3.353,9.5845
1484,0.1793,3.4967,7.4693
1485,0.18409,3.9231,6.8656
1486,-1.3346,5.1855,8.334
1487,-1.7994,5.7724,9.9725
1488,-1.0065,4.6082,10.14
1489,-0.060246,2.9433,8.0442
1490,1.1902,2.6463,6.2883
1491,1.7435,3.5326,4.6809
1492,1.0033,5.952,4.7648
1493,-3.2941,9.0278,7.5866
1494,-2.0174,7.6696,7.1866
1495,0.96023,3.3506,7.2609
1496,0.85722,3.0655,10.133
1497,1.0129,3.971,9.1557
1498,1.5735,3.2619,7.1387
1499,1.1782,3.329,7.5842
1500,-1.3921,5.976,8.9664
1501,-2.5084,7.3702,9.5174
1502,-0.5082,5.231,6.4464
1503,-0.40759,5.897,6.8416
1504,-1.3466,5.7844,9.4264
1505,-1.04,4.0141,10.344
1506,-0.69026,4.8405,8.0442
1507,-0.033896,4.8477,7.0764
1508,-0.11774,5.2142,8.1232
1509,-0.18242,5.5736,7.625
1510,0.011618,5.4969,6.7626
1511,0.42364,4.8453,6.9159
1512,0.42604,4.3231,8.3125
1513,-1.2652,4.3926,9.3665
1514,-2.1778,5.0633,10.265
1515,-1.6413,5.0609,9.4144
1516,-0.58246,3.3314,9.3785
1517,-0.081805,3.6165,7.9412
1518,-0.81961,5.6766,8.4083
1519,-0.99209,4.6633,8.2789
1520,-0.99927,3.5877,9.3976
1521,-0.80284,2.8619,9.7737
1522,-0.44831,2.5337,8.6886
1523,-0.38843,3.9374,8.1496
1524,-0.78368,6.0167,8.2095
1525,-1.0879,6.4647,8.6478
1526,-0.8244,4.8358,9.0886
1527,-0.58725,3.1925,9.2419
1528,-0.27584,2.6607,9.733
1529,-0.11055,3.1326,9.848
1530,-0.21595,3.7889,9.4839
1531,-0.00515,4.2321,8.9856
1532,-0.36687,4.5818,8.9329
1533,-0.60881,4.692,8.2694
1534,-0.51539,4.6872,7.7136
1535,-0.30458,4.5291,7.7567
1536,-0.29261,4.3207,8.1208
1537,-0.37166,4.0979,8.4682
1538,-0.37405,4.0261,8.5305
1539,-0.27105,4.2465,8.3316
1540,-0.27824,4.2608,8.5185
1541,-0.37405,4.2656,8.6814
1542,-0.3477,4.4261,8.5305
1543,-0.32614,4.189,8.3125
1544,-0.31896,3.9686,8.679
1545,-0.30458,4.2033,8.8826
1546,-0.44831,4.3998,8.4418
1547,-0.36926,4.2393,8.2646
1548,-0.4052,4.1123,7.8981
1549,-0.36687,4.4668,7.8837
1550,-0.78847,4.8861,8.358
1551,-0.9346,5.4346,7.074
1552,-0.81961,5.897,6.4248
1553,-0.78608,4.1363,8.3508
1554,-1.3897,3.523,9.7114
1555,-1.864,4.2872,9.6204
1556,-1.773,3.971,10.329
1557,-1.682,4.3758,9.9773
1558,-1.7443,5.2094,9.1102
1559,-1.3538,4.7088,8.667
1560,-0.91064,3.8464,8.3053
1561,-0.72619,3.8105,8.4562
1562,-0.59683,3.9255,8.667
1563,-0.616,4.0333,8.8754
1564,-0.56569,3.868,8.7437
1565,-0.48904,3.6117,8.6622
1566,-0.42196,3.6907,8.7125
1567,-0.57048,3.8608,8.5736
1568,-0.67828,3.8344,8.8706
1569,-0.6687,3.8512,8.9305
1570,-0.6663,3.8057,8.9089
1571,-0.8244,3.765,9.103
1572,-0.88429,3.7889,9.2898
1573,-0.74056,3.7889,9.1868
1574,-0.64235,3.7338,8.9712
1575,-0.60881,3.6524,8.8035
1576,-0.60402,3.729,8.8634
1577,-0.616,3.8177,9.0191
1578,-0.64714,3.7434,8.9377
1579,-0.66151,3.6596,8.8275
1580,-0.60881,3.6212,8.9089
1581,-0.69744,3.638,9.0718
1582,-0.69265,3.4224,9.3521
1583,-0.71421,3.3841,9.2443
1584,-0.67349,3.7722,8.5664
1585,-0.69505,4.0716,8.6047
1586,-0.76691,3.832,8.8371
1587,-0.73098,3.7147,8.5496
1588,-0.69744,3.971,8.4322
1589,-0.83638,4.1195,8.4179
1590,-0.85554,3.9063,8.5592
1591,-0.76212,3.777,8.7964
1592,-0.76212,3.8656,9.0551
1593,-0.8244,3.9255,9.0814
1594,-0.70223,3.8967,8.8874
1595,-0.61839,3.8344,8.7005
